,Artist,Identity
0,Anna Akana,Bisexual
1,Alpharad,Bisexual
2,Maria Alyokhina,Bisexual
3,Brett Anderson,Bisexual
4,Michael Angelakos,Bisexual
5,Angèle,Bisexual
6,Ängie,Bisexual
7,Anitta,Bisexual
8,Lauren Aquilina,Bisexual
9,Billie Joe Armstrong,Bisexual
10,Aurora,Bisexual
11,Raveena Aurora,Bisexual
12,Josephine Baker,Bisexual 
13,Bali Baby,Bisexual
14,Azealia Banks,Bisexual
15,Alexander Bard,Bisexual
16,Kevin Barnes,Bisexual
17,Nathan Barr,Bisexual
18,Jamie Barton,Bisexual
19,Mark Bautista,Bisexual
20,BbyMutha,Bisexual
21,María Becerra,Bisexual
22,Madison Beer,Bisexual
23,Max Bemis,Bisexual
24,Taylor Bennett,Bisexual
25,Leonard Bernstein,Bisexual
26,Jehnny Beth,Bisexual
27,Bif Naked,Bisexual
28,Tyler Blackburn,Bisexual
29,Blaya,Bisexual
30,Emily Blue,Bisexual
31,Douwe Bob,Bisexual
32,Marc Bolan,Bisexual
33,Henriëtte Bosmans,Bisexual
34,Crystal Bowersox,Bisexual
35,Angie Bowie,Bisexual
36,David Bowie,Bisexual
37,Paul Bowles,Bisexual
38,Apollo Braun,Bisexual
39,Cait Brennan,Bisexual
40,Phoebe Bridgers,Bisexual
41,Carrie Brownstein,Bisexual
42,Gioia Bruno,Bisexual
43,Concha Buika,Bisexual
44,Pete Burns,Bisexual
45,John Cage,Bisexual
46,Paigey Cakey,Bisexual
47,Ann Hampton Callaway,Bisexual
48,Brooke Candy,Bisexual
49,Blas Cantó,Bisexual
50,Vanessa Carlton,Bisexual
51,Ana Carolina,Bisexual
52,Cameron Carpenter,Bisexual
53,Aaron Carter,Bisexual
54,Nell Carter,Bisexual
55,Tyler Carter,Bisexual
56,Andie Case,Bisexual
57,Jack Cassidy,Bisexual
58,Alice Caymmi,Bisexual
59,Cazuza,Bisexual
60,Leslie Cheung,Bisexual
61,Chika,Bisexual
62,MC Chris,Bisexual
63,Clairo,Bisexual
64,Jon Cozart,Bisexual
65,Prince Damien,Bisexual
66,Dave Davies,Bisexual
67,Frenchie Davis,Bisexual
68,Tanya Davis,Bisexual
69,Shane Dawson,Bisexual
70,Daya,Bisexual
71,Victoria De Angelis,Bisexual
72,Bobby DeBarge,Bisexual
73,Deen,Bisexual
74,Gabi Delgado-López,Bisexual
75,Skin Diamond,Bisexual
76,Andy Dick,Bisexual
77,Marlene Dietrich,Bisexual
78,Ani DiFranco,Bisexual
79,Emil Dimitrov,Bisexual
80,Dodie,Bisexual
81,Antoine Dodson,Bisexual
82,Sadie Dupuis,Bisexual
83,Eric Emerson,Bisexual
84,Elli Erl,Bisexual
85,Ceylan Ertem,Bisexual
86,Richard Fairbrass,Bisexual
87,Brenda Fassie,Bisexual
88,Hardy Fox,Bisexual
89,Sawyer Fredericks,Bisexual
90,Skott Freedman,Bisexual
91,Viktor Frisk,Bisexual
92,Ezra Furman,Bisexual
93,Angelo Garcia,Bisexual
94,Alison Garrigan,Bisexual
95,Orla Gartland,Bisexual
96,Girli,Bisexual
97,Jess Glynne,Bisexual
98,Kenny Greene,Bisexual
99,Chelcee Grimes,Bisexual
100,Peter Grudzien,Bisexual
101,Lzzy Hale,Bisexual
102,Halsey,Bisexual
103,Erin Hamilton,Bisexual
104,Debbie Harry,Bisexual
105,Grant Hart,Bisexual
106,Will Heard,Bisexual
107,Nona Hendryx,Bisexual
108,Joseline Hernandez,Bisexual
109,Missy Higgins,Bisexual
110,Neon Hitch,Bisexual
111,Dave Holland,Bisexual
112,Libby Holman,Bisexual
113,Chlöe Howl,Bisexual
114,Magdalen Hsu-Li,Bisexual
115,Heather Hunter,Bisexual
116,Leslie Hutchinson,Bisexual
117,Maja Ivarsson,Bisexual
118,Joe Jackson,Bisexual
119,Felix Jaehn,Bisexual
120,Duncan James,Bisexual
121,Lauren Jauregui,Bisexual
122,Jessicka,Bisexual
123,Ignatius Jones,Bisexual
124,Janis Joplin,Bisexual
125,Patrick Juvet,Bisexual
126,K.Flay,Bisexual
127,Joshua Kadison,Bisexual
128,Florina Kaja,Bisexual
129,Juba Kalamka,Bisexual
130,Candye Kane,Bisexual
131,Kesha,Bisexual
132,Iosif Kotek,Bisexual
133,Nina Kraljić,Bisexual
134,Daniel Küblböck,Bisexual
135,Steve Lacy,Bisexual
136,Lady Gaga,Bisexual
137,Shona Laing,Bisexual
138,Låpsley,Bisexual
139,Storm Large,Bisexual
140,Dyanna Lauren,Bisexual
141,Duncan Laurence,Bisexual
142,Marc Lavoine,Bisexual
143,Peter Max Lawrence,Bisexual
144,Georgette Leblanc,Bisexual
145,Sook-Yin Lee,Bisexual
146,Paul Lekakis,Bisexual
147,Ivy Levan,Bisexual
148,Lights,Bisexual
149,Lil Lotus,Bisexual
150,Lil Peep,Bisexual
151,Maggie Lindemann,Bisexual
152,Anne Linnet,Bisexual
153,Little Richard,Bisexual
154,Tove Lo,Bisexual
155,Danielle LoPresti,Bisexual
156,Loreen,Bisexual
157,Lowell,Bisexual
158,Ludmilla,Bisexual
159,Jean-Baptiste Lully,Bisexual
160,Billy Mackenzie,Bisexual
161,Madame,Bisexual
162,Deva Mahal,Bisexual
163,Jim Marcus,Bisexual
164,Melanie Martinez,Bisexual
165,Lizzie Marvelly,Bisexual
166,Zsuzsi Mary,Bisexual
167,Lebo Mathosa,Bisexual
168,Phil May,Bisexual
169,Seanan McGuire,Bisexual
170,Bonnie McKee,Bisexual
171,Les McKeown,Bisexual
172,Neal Medlyn,Bisexual
173,Mel B,Bisexual
174,George Melly,Bisexual
175,Mélovin,Bisexual
176,Daniela Mercury,Bisexual
177,Freddie Mercury,Bisexual
178,Andy Mientus,Bisexual
179,Donna Missal,Bisexual
180,Brian Molko,Bisexual
181,Janelle Monáe,Bisexual
182,Victoria Monét,Bisexual
183,Tana Mongeau,Bisexual
184,Lane Moore,Bisexual
185,Morrissey,Bisexual
186,Jon Moss,Bisexual
187,Jason Mraz,Bisexual
188,Doris Muramatsu,Bisexual
189,Mxmtoon,Bisexual
190,Billie Myers,Bisexual
191,Gianna Nannini,Bisexual
192,Mónica Naranjo,Bisexual
193,Meshell Ndegeocello,Bisexual
194,Sheila Nicholls,Bisexual
195,Christina Novelli,Bisexual
196,Laura Nyro,Bisexual
197,Sinéad O'Connor,Bisexual
198,Musa Okwonga,Bisexual
199,Joan Osborne,Bisexual
200,Adonxs,Gay
201,Max Adrian,Gay
202,Agoney,Gay
203,Rolando Alarcón,Gay
204,Pablo Alborán,Gay
205,Peter Allen,Gay
206,David Archuleta,Gay
207,Alfie Arcuri,Gay
208,Vardaan Arora,Gay
209,Azis,Gay
210,Jean-Pierre Barda,Gay
211,Michael Ben David,Gay
212,Bob Benny,Gay
213,Christer Björkman,Gay
214,Tuure Boelius,Gay
215,Bola de Nieve,Gay
216,Bernardo Bonezzi,Gay
217,Mark Bradshaw,Gay
218,Erlend Bratland,Gay
219,Scott Brennan,Gay
220,JJ Brine,Gay
221,Jos Brink,Gay
222,Sylvano Bussotti,Gay
223,Reda Caire,Gay
224,Oliver Callan,Gay
225,Anthony Callea,Gay
226,Tim Campbell,Gay
227,Magnus Carlsson,Gay
228,Marco Carta,Gay
229,Immanuel Casto,Gay
230,Philip Chevron,Gay
231,Jan Cina,Gay
232,Adriano Cintra,Gay
233,Lia Clark,Gay
234,Al Conti,Gay
235,Edson Cordeiro,Gay
236,Guy Cuevas,Gay
237,Lucio Dalla,Gay
238,Darin,Gay
239,Dave,Gay
240,Casper de Vries,Gay
241,Timo Descamps,Gay
242,Juan Pablo Di Pace,Gay
243,Dotan,Gay
244,André van Duin,Gay
245,Esteman,Gay
246,Falete,Gay
247,Mark Feehily,Gay
248,Tiziano Ferro,Gay
249,Horacio Franco,Gay
250,Frederick the Great,Gay
251,Peter Frödin,Gay
252,Rafael de la Fuente,Gay
253,Gaahl,Gay
254,Facundo Gambandé,Gay
255,Jason Gardiner,Gay
256,Vasil Garvanliev,Gay
257,Stephen Gately,Gay
258,Stéphane Grappelli,Gay
259,Gloria Groove,Gay
260,Jean Guidoni,Gay
261,Nicholas Hamilton,Gay
262,Vincent Hanley,Gay
263,Bilal Hassani,Gay
264,Darren Hayes,Gay
265,Hans Werner Henze,Gay
266,Tom Hugo,Gay
267,Axel Hirsoux,Gay
268,Tony Holiday,Gay
269,Holland,Gay
270,Hush,Gay
271,Iota,Gay
272,Philippe Jaroussky,Gay
273,Patrik Jean,Gay
274,Gerard Joling,Gay
275,Jónsi,Gay
276,Johnny Jordaan,Gay
277,Bart Kaëll,Gay
278,Brian Kennedy,Gay
279,Johannes Kerkorrel,Gay
280,Ki-Yo,Gay
281,Justus Köhncke,Gay
282,Uwe Kröger,Gay
283,Chet Lam,Gay
284,Jeppe Laursen,Gay
285,Paul de Leeuw,Gay
286,Yoann Lemoine,Gay
287,Ivri Lider,Gay
288,Ron Link,Gay
289,Hannu Lintu,Gay
290,Reg Livermore,Gay
291,Lluís Llach,Gay
292,Jamai Loman,Gay
293,Robert Long,Gay
294,Andreas Lundstedt,Gay
295,Paul Mac,Gay
296,Brendan Maclean,Gay
297,Jeangu Macrooy,Gay
298,Cristiano Malgioglio,Gay
299,Scott Matthew,Gay
300,Doron Medalie,Gay
301,Michal,Gay
302,Ioan Luchian Mihalea,Gay
303,Kenichi Mikawa,Gay
304,Akihiro Miwa,Gay
305,Emmanuel Moire,Gay
306,Boris Moiseev,Gay
307,Jacques Morali,Gay
308,Billy More,Gay
309,Federico Moura,Gay
310,Zoltán Mujahid,Gay
311,Bashar Murad,Gay
312,Albert Nabonibo,Gay
313,Benny Neyman,Gay
314,Offer Nissim,Gay
315,Klaus Nomi,Gay
316,Robert Odeman,Gay
317,Okkar Min Maung,Gay
318,Stefan Olsdal,Gay
319,Paul Oscar,Gay
320,Ferdi Özbeğen,Gay
321,Geoffrey Parsons,Gay
322,Cauby Peixoto,Gay
323,Andrzej Piaseczny,Gay
324,Peter Plate,Gay
325,Yehuda Poliker,Gay
326,Le Pustra,Gay
327,Pongsak Rattanapong,Gay
328,Raymix,Gay
329,Eddie Razaz,Gay
330,Ivan Rebroff,Gay
331,Rio Reiser,Gay
332,Sheldon Riley,Gay
333,Pablo Ruiz,Gay
334,Renato Russo,Gay
335,Daniel Schuhmacher,Gay
336,Tony Sheldon,Gay
337,Bobby Short,Gay
338,Jendrik Sigwart,Gay
339,Jari Sillanpää,Gay
340,Silva,Gay
341,Sebastián Silva,Gay
342,Terence Siufay,Gay
343,Troye Sivan,Gay
344,Harel Skaat,Gay
345,Kim David Smith,Gay
346,Rickard Söderberg,Gay
347,Wim Sonneveld,Gay
348,Sam Sparro,Gay
349,Hovi Star,Gay
350,Sławomir Starosta,Gay
351,Edward Tarletski,Gay
352,Shahar Tavoch,Gay
353,Jay Tewake,Gay
354,Tomas Thordarson,Gay
355,Ronnie Tober,Gay
356,Tooji,Gay
357,Hörður Torfason,Gay
358,Charles Trenet,Gay
359,António Variações,Gay
360,Glen Vella,Gay
361,Vice Ganda,Gay
362,Jack Vidgen,Gay
363,Pavel Vítek,Gay
364,Božo Vrećo,Gay
365,Sebastian Walldén,Gay
366,Fintan Warfield,Gay
367,Jonathon Welch,Gay
368,Juliusz Wertheim,Gay
369,Rikard Wolff,Gay
370,Anthony Wong Yiu-ming,Gay
371,Conchita Wurst,Gay
372,Mika X,Gay
373,Aaron Yan,Gay
374,Yeho,Gay
375,Oscar Zia,Gay
376,Piotr Zioła,Gay
377,Eden Atwood,Intersex
378,Lisa Lee Dark,Intersex
379,Vaginal Davis,Intersex
380,Florian-Ayala Fauna,Intersex
381,Ana Roxanne,Intersex
382,Reuben Zellman,Intersex
383,Saara Aalto,Lesbian
384,Julia Alfrida,Lesbian
385,Corinne Allal,Lesbian
386,Alma,Lesbian
387,Flor Amargo,Lesbian
388,Amplify Dot,Lesbian
389,Diana Arbenina,Lesbian
390,Robyn Archer,Lesbian
391,Efva Attling,Lesbian
392,Courtney Barnett,Lesbian
393,Sotiria Bellou,Lesbian
394,Lou Bennett,Lesbian
395,Wallis Bird,Lesbian
396,Renata Borgatti,Lesbian
397,Da Brat,Lesbian
398,Monique Brumby,Lesbian
399,Barbara Butch,Lesbian
400,Kaye Cal,Lesbian
401,Anna Calvi,Lesbian
402,Calypso Rose,Lesbian
403,Celeste Carballo,Lesbian
404,Rachel Carns,Lesbian
405,Deborah Cheetham,Lesbian
406,Enno Cheng,Lesbian
407,Ginni Clemmens,Lesbian
408,Martha Davis Coe,Lesbian
409,Beccy Cole,Lesbian
410,Michelle Courtens,Lesbian
411,Eva Dahlgren,Lesbian
412,Marie-Louise Damien,Lesbian
413,Hazell Dean,Lesbian
414,Stormé DeLarverie,Lesbian
415,Alicia Delgado,Lesbian
416,L Devine,Lesbian
417,Lucy Diakovska,Lesbian
418,Iara Dias dos Santos,Lesbian
419,Zélia Duncan,Lesbian
420,Beatrice Eli,Lesbian
421,Cássia Eller,Lesbian
422,Shelly Fairchild,Lesbian
423,G Flip,Lesbian
424,Rose Fostanes,Lesbian
425,Corina Freire,Lesbian
426,Maria Gadú,Lesbian
427,Girl in Red,Lesbian
428,Debbie Googe,Lesbian
429,Kai Gullmar,Lesbian
430,Marika Hackman,Lesbian
431,Hanne Haller,Lesbian
432,Leanne Harte,Lesbian
433,Denise Ho,Lesbian
434,Honey G,Lesbian
435,Silvana Imam,Lesbian
436,Rita Indiana,Lesbian
437,Elly Jackson,Lesbian
438,The Japanese House,Lesbian
439,Rona Kenan,Lesbian
440,Emmy Krüger,Lesbian
441,Lady Sovereign,Lesbian
442,Ladyhawke,Lesbian
443,Wanda Landowska,Lesbian
444,Catherine Lara,Lesbian
445,Naomi Lareine,Lesbian
446,Vange Leonel,Lesbian
447,Lippy Lou,Lesbian
448,Donna McCaul,Lesbian
449,Horse McDonald,Lesbian
450,Javiera Mena,Lesbian
451,Lída Merlínová,Lesbian
452,Sandra Mihanovich,Lesbian
453,Anika Moa,Lesbian
454,Heidi Mortenson,Lesbian
455,Siiri Nordin,Lesbian
456,O'Hooley & Tidow,Lesbian
457,Ibolya Oláh,Lesbian
458,Ellen Oléria,Lesbian
459,Kerstin Ott,Lesbian
460,Temmie Ovwasa,Lesbian
461,Alex Parks,Lesbian
462,Heather Peace,Lesbian
463,Peach PRC,Lesbian
464,Inbal Perlmuter,Lesbian
465,Elena Pogrebizhskaya,Lesbian
466,Qiao Qiao,Lesbian
467,Jordan Raskopoulos,Lesbian
468,Yehudit Ravitz,Lesbian
469,Sheryn Regis,Lesbian
470,Angela Ro Ro,Lesbian
471,Lakeyah,Lesbian
472,Ruby Rose,Lesbian
473,Giuni Russo,Lesbian
474,Luiza Sá,Lesbian
475,Eugenie Schumann,Lesbian
476,Marija Šerifović,Lesbian
477,Shura,Lesbian
478,Debbie Smith,Lesbian
479,Ethel Smyth,Lesbian
480,Suzy Solidor,Lesbian
481,Lucy Spraggan,Lesbian
482,Svetlana Surganova,Lesbian
483,Tuva Syvertsen,Lesbian
484,Clare Teal,Lesbian
485,Alice Temple,Lesbian
486,Mahinārangi Tocker,Lesbian
487,Topp Twins,Lesbian
488,Jools Topp,Lesbian
489,Lynda Topp,Lesbian
490,Chavela Vargas,Lesbian
491,Felicita Vestvali,Lesbian
492,Claire Waldoff,Lesbian
493,María Elena Walsh,Lesbian
494,Josephine Wiggs,Lesbian
495,Anka Wolbert,Lesbian
496,Suzie Wong,Lesbian
497,Yaeji,Lesbian
498,Yasmine,Lesbian
499,Natalia Zamilska,Lesbian
500,Courtney Act,Pansexual
501,Chen Aharoni,Pansexual
502,Adeem the Artist,Pansexual
503,Ashnikko,Pansexual
504,Bob the Drag Queen,Pansexual
505,Boyfriend,Pansexual
506,Brooke Candy,Pansexual
507,Christine and the Queens,Pansexual
508,Cookiee Kawaii,Pansexual
509,Miley Cyrus,Pansexual
510,Frances Forever,Pansexual
511,Preta Gil,Pansexual
512,Camila Grey,Pansexual
513,Dalton Harris,Pansexual
514,Angel Haze,Pansexual
515,Chlöe Howl,Pansexual
516,Jetty Bones,Pansexual
517,Lady Leshurr,Pansexual
518,Demi Lovato,Pansexual
519,Austin Lucas,Pansexual
520,Declan McKenna,Pansexual
521,Janelle Monáe,Pansexual
522,Kailee Morgue,Pansexual
523,Renato Russo,Pansexual
524,Rina Sawayama,Pansexual
525,JoJo Siwa,Pansexual
526,Cayley Spivey,Pansexual
527,Caitlin Stasey,Pansexual
528,Storry,Pansexual
529,Bella Thorne,Pansexual
530,Brendon Urie,Pansexual
531,Yungblud,Pansexual
532,Dianna Agron,Queer
533,Chino Amobi,Queer
534,Álex Anwandter,Queer
535,Durand Bernarr,Queer
536,Rebecca Black,Queer
537,Bright Light Bright Light,Queer
538,Dai Burger,Queer
539,Dyllón Burnside,Queer
540,Dove Cameron,Queer
541,Chaz Cardigan,Queer
542,Cœur de pirate,Queer
543,Bradford Cox,Queer
544,Cry Club,Queer
545,André De Shields,Queer
546,Dreamcrusher,Queer
547,Karin Dreijer,Queer
548,Dorian Electra,Queer
549,Electrosexual,Queer
550,Fat Mike,Queer
551,Nicole Fiorentino,Queer
552,Nesey Gallons,Queer
553,Kiran Gandhi,Queer
554,Girl in Red,Queer
555,Girli,Queer
556,Carlie Hanson,Queer
557,Eleanor Hardwick,Queer
558,Imbi the Girl,Queer
559,Jade Elektra,Queer
560,Ryland James,Queer
561,Jax Anderson,Queer
562,Mykal Kilgore,Queer
563,Chester Lockhart,Queer
564,Keiynan Lonsdale,Queer
565,Demi Lovato,Queer
566,Casey Manierka-Quaile,Queer
567,Casey Mecija,Queer
568,Kailee Morgue,Queer
569,Heidi Mortenson,Queer
570,Nappy Nina,Queer
571,Lauren O'Connell,Queer
572,Joy Oladokun,Queer
573,Orion Sun,Queer
574,Pieces of a Man,Queer
575,Ben J. Pierce,Queer
576,Derek Piotr,Queer
577,Tyler Posey,Queer
578,Allison Russell,Queer
579,Ali Sethi,Queer
580,Sia,Queer
581,Tika Simone,Queer
582,Natalie Sims,Queer
583,Be Steadwell,Queer
584,Jamie Stewart,Queer
585,Michael Stipe,Queer
586,Tash Sultana,Queer
587,Verity Susman,Queer
588,Holly Throsby,Queer
589,Rosie Tucker,Queer
590,J.R. Uretsky,Queer
591,Mathew V,Queer
592,Tim'm T. West,Queer
593,Kalil Wilson,Queer
594,Zebra Katz,Queer
595,Calpernia Addams,Transgender woman
596,Aderet,Transgender woman
597,Aja,Transgender woman
598,Nadia Almada,Transgender woman
599,Barbra Amesbury,Transgender woman
600,Adèle Anderson,Transgender woman
601,Anohni,Transgender woman
602,Arca,Transgender woman
603,Lauren Auder,Transgender woman
604,Baby Dee,Transgender woman
605,Backxwash,Transgender woman
606,Sophia Barclay,Transgender woman
607,Black Dresses,Transgender woman
608,Cait Brennan,Transgender woman
609,Tona Brown,Transgender woman
610,Sara Davis Buechner,Transgender woman
611,Mya Byrne,Transgender woman
612,Ethel Cain,Transgender woman
613,Mina Caputo,Transgender woman
614,Wendy Carlos,Transgender woman
615,Ceréna,Transgender woman
616,Coccinelle,Transgender woman
617,Jayne County,Transgender woman
618,Cara Cunningham,Transgender woman
619,Dana International,Transgender woman
620,Marumaru,Transgender woman
621,Katie Dey,Transgender woman
622,Shea Diamond,Transgender woman
623,Honey Dijon,Transgender woman
624,Electra Elite,Transgender woman
625,Beth Elliott,Transgender woman
626,Bülent Ersoy,Transgender woman
627,Zi Faámelu,Transgender woman
628,Bibiana Fernández,Transgender woman
629,Marie France,Transgender woman
630,Marcie Free,Transgender woman
631,Ezra Furman,Transgender woman
632,Teddy Geiger,Transgender woman
633,Laura Jane Grace,Transgender woman
634,Paula Grossman,Transgender woman
635,Harisu,Transgender woman
636,Ai Haruna,Transgender woman
637,Sarah Hennies,Transgender woman
638,Hunter Hunt-Hendrix,Transgender woman
639,Juliana Huxtable,Transgender woman
640,Chase Icon,Transgender woman
641,Jordana,Transgender woman
642,Lou Killen,Transgender woman
643,Margaret Killjoy,Transgender woman
644,Chris Korda,Transgender woman
645,Left at London,Transgender woman
646,Amanda Lepore,Transgender woman
647,Liniker,Transgender woman
648,Linn da Quebrada,Transgender woman
649,Devi McCallion,Transgender woman
650,Trevi Moran,Transgender woman
651,Marcelly Morena,Transgender woman
652,Angela Morley,Transgender woman
653,Ataru Nakamura,Transgender woman
654,Naomy,Transgender woman
655,Nero's Day at Disneyland,Transgender woman
656,Bell Nuntita,Transgender woman
657,Octo Octa,Transgender woman
658,Oli London,Transgender woman
659,Dee Palmer,Transgender woman
660,Peppermint,Transgender woman
661,Abigail Pereira,Transgender woman
662,Kim Petras,Transgender woman
663,Lena Raine,Transgender woman
664,Jordan Raskopoulos,Transgender woman
665,Katey Red,Transgender woman
666,Macy Rodman,Transgender woman
667,Ada Rook,Transgender woman
668,Deena Kaye Rose,Transgender woman
669,Shyraa Roy,Transgender woman
670,Nomi Ruiz,Transgender woman
671,Gavilán Rayna Russom,Transgender woman
672,Scarlett la Queen,Transgender woman
673,Jackie Shane,Transgender woman
674,Susy Shock,Transgender woman
675,Vivek Shraya,Transgender woman
676,Ahya Simone,Transgender woman
677,Breanna Sinclairé,Transgender woman
678,Sophie,Transgender woman
679,Spike Fuck,Transgender woman
680,Yollada Suanyot,Transgender woman
681,Superknova,Transgender woman
682,Cindy Thái Tài,Transgender woman
683,Kerstin Thieme,Transgender woman
684,Titica,Transgender woman
685,Varien,Transgender woman
686,Vektroid,Transgender woman
687,Venus Flytrap,Transgender woman
688,Zemmoa,Transgender woman
689,Alexander James Adams,Transgender man
690,Sam Bettens,Transgender man
691,Lucas Bouk,Transgender man
692,Lynn Breedlove,Transgender man
693,Willmer Broadnax,Transgender man
694,Meryn Cadell,Transgender man
695,Ryan Cassata,Transgender man
696,Cavetown,Transgender man
697,Quinn Christopherson,Transgender man
698,ElyOtto,Transgender man
699,Ash Gray,Transgender man
700,Beverly Glenn-Copeland,Transgender man
701,Katastrophe,Transgender man
702,Ed Le Brocq,Transgender man
703,Holden Madagame,Transgender man
704,Rinu,Transgender man
705,Ice Seguerra,Transgender man
706,Lucas Silveira,Transgender man
707,Noah Skaalum,Transgender man
708,Billy Tipton,Transgender man
709,Jake Zyrus,Transgender man
710,Courtney Act,Non-binary
711,Adult Mom,Non-binary
712,Abdu Ali,Non-binary
713,Taylor Alxndr,Non-binary
714,Holland Andrews,Non-binary
715,Anjimile,Non-binary
716,Arca,Non-binary
717,Adeem the Artist,Non-binary
718,Ashnikko,Non-binary
719,Avu-chan,Non-binary
720,Azis,Non-binary
721,B-Complex,Non-binary
722,Grace Semler Baldridge,Non-binary
723,Kevin Barnes,Non-binary
724,Jazmin Bean,Non-binary
725,Emily Blue,Non-binary
726,Mal Blum,Non-binary
727,Justin Vivian Bond,Non-binary
728,Violet Chachki,Non-binary
729,Christine and the Queens,Non-binary
730,Lia Clark,Non-binary
731,Claud,Non-binary
732,Shea Couleé,Non-binary
733,Bradford Cox,Non-binary
734,Crywank,Non-binary
735,Kat Cunning,Non-binary
736,Miley Cyrus,Non-binary
737,Jesse Dangerously,Non-binary
738,Honey Davenport,Non-binary
739,Vaginal Davis,Non-binary
740,Kimya Dawson,Non-binary
741,Divina de Campo,Non-binary
742,Adore Delano,Non-binary
743,DijahSB,Non-binary
744,Dreamcrusher,Non-binary
745,Karin Dreijer,Non-binary
746,Meg Duffy,Non-binary
747,Daisy Eagan,Non-binary
748,Dorian Electra,Non-binary
749,Ayin Es,Non-binary
750,Florian-Ayala Fauna,Non-binary
751,Logan February,Non-binary
752,Felicita,Non-binary
753,Melissa Ferrick,Non-binary
754,G Flip,Non-binary
755,Frances Forever,Non-binary
756,Flora Gionest,Non-binary
757,Keara Graves,Non-binary
758,Evan Greer,Non-binary
759,Grey Gritt,Non-binary
760,Gloria Groove,Non-binary
761,Angel Haze,Non-binary
762,Johanna Hedva,Non-binary
763,Beth Jeans Houghton,Non-binary
764,Jana Hunter,Non-binary
765,Imbi the Girl,Non-binary
766,Invincible,Non-binary
767,IRAWniQ,Non-binary
768,E. Jane,Non-binary
769,I. Jordan,Non-binary
770,Kaiit,Non-binary
771,Kehlani,Non-binary
772,Kimmortal,Non-binary
773,Kindness,Non-binary
774,King Princess,Non-binary
775,Diana King,Non-binary
776,Moore Kismet,Non-binary
777,Kylie V,Non-binary
778,Left at London,Non-binary
779,Ginny Lemon,Non-binary
780,CN Lester,Non-binary
781,Chester Lockhart,Non-binary
782,Kellie Loder,Non-binary
783,Russell Louder,Non-binary
784,Demi Lovato,Non-binary
785,Pauli Lovejoy,Non-binary
786,Bree Lowdermilk,Non-binary
787,Brigette Lundy-Paine,Non-binary
788,Taylor Mac,Non-binary
789,Honey Mahogany,Non-binary
790,Becca Mancari,Non-binary
791,Toby Marlow,Non-binary
792,Mica Levi,Non-binary
793,Bunny Michael,Non-binary
794,Myst Milano,Non-binary
795,Janelle Monáe,Non-binary
796,Jinkx Monsoon,Non-binary
797,Chloe Moriondo,Non-binary
798,Evelyn Morris,Non-binary
799,Barb Morrison,Non-binary
800,Nakhane,Non-binary
801,Richard O'Brien,Non-binary
802,Lauren O'Connell,Non-binary
803,Tunde Olaniran,Non-binary
804,Oli London,Non-binary
805,Andrew O'Neill,Non-binary
806,Openside,Non-binary
807,Our Lady J,Non-binary
808,Temmie Ovwasa,Non-binary
809,Jerry Paper,Non-binary
810,Paperboy Prince,Non-binary
811,Trisha Paytas,Non-binary
812,Petal,Non-binary
813,Planningtorock,Non-binary
814,Genesis P-Orridge,Non-binary
815,Ppcocaine,Non-binary
816,Princess Nokia,Non-binary
817,Dominique Provost-Chalkley,Non-binary
818,Chris Pureka,Non-binary
819,Daniel Quasar,Non-binary
820,Frances Quinlan,Non-binary
821,Sara Ramirez,Non-binary
822,Amy Ray,Non-binary
823,Ronya,Non-binary
824,Devon Rose,Non-binary
825,Lawrence Rothman,Non-binary
826,Roxen,Non-binary
827,Rykka,Non-binary
828,Dua Saleh,Non-binary
829,JD Samson,Non-binary
830,RaFia Santana,Non-binary
831,Daniel Sea,Non-binary
832,Shamir,Non-binary
833,Hugh Sheridan,Non-binary
834,Sarah Shook,Non-binary
835,Sir Babygirl,Non-binary
836,Sister Ray,Non-binary
837,Sam Smith,Non-binary
838,Soak,Non-binary
839,Ivy Sole,Non-binary
840,Cayley Spivey,Non-binary
841,Rae Spoon,Non-binary
842,Joanna Sternberg,Non-binary
843,Courtney Stodden,Non-binary
844,Rebecca Sugar,Non-binary
845,Tash Sultana,Non-binary
846,Eliot Sumner,Non-binary
847,Kae Tempest,Non-binary
848,Nik Thakkar,Non-binary
849,T. Thomason,Non-binary
850,Told Slant,Non-binary
851,Torres,Non-binary
852,Justin Tranter,Non-binary
853,Stephen Trask,Non-binary
854,Trinity the Tuck,Non-binary
855,Rosie Tucker,Non-binary
856,Yves Tumor,Non-binary
857,Hikaru Utada,Non-binary
858,D. W. Waterson,Non-binary
859,John-Allison Weiss,Non-binary
860,Julia Weldon,Non-binary
861,Dorian Wood,Non-binary
862,Yanis,Non-binary
863,Yeule,Non-binary
864,Charlyne Yi,Non-binary
865,Reuben Zellman,Non-binary
